{
  "id": "sample_map",
  "name": "Classic Board",
  "length": 30,
  "tiles": [
    { "index": 0, "type": "normal" },
    { "index": 1, "type": "normal" },
    { "index": 2, "type": "bonus", "value": 3 },
    { "index": 3, "type": "normal" },
    { "index": 4, "type": "minigame" },
    { "index": 5, "type": "normal" },
    { "index": 6, "type": "normal" },
    { "index": 7, "type": "penalty", "value": -2 },
    { "index": 8, "type": "normal" },
    { "index": 9, "type": "minigame" },
    { "index": 10, "type": "normal" },
    { "index": 11, "type": "bonus", "value": 5 },
    { "index": 12, "type": "normal" },
    { "index": 13, "type": "normal" },
    { "index": 14, "type": "minigame" },
    { "index": 15, "type": "normal" },
    { "index": 16, "type": "penalty", "value": -3 },
    { "index": 17, "type": "normal" },
    { "index": 18, "type": "normal" },
    { "index": 19, "type": "minigame" },
    { "index": 20, "type": "normal" },
    { "index": 21, "type": "bonus", "value": 4 },
    { "index": 22, "type": "normal" },
    { "index": 23, "type": "normal" },
    { "index": 24, "type": "minigame" },
    { "index": 25, "type": "normal" },
    { "index": 26, "type": "penalty", "value": -2 },
    { "index": 27, "type": "normal" },
    { "index": 28, "type": "bonus", "value": 3 },
    { "index": 29, "type": "normal" }
  ]
}
